INSERT INTO regiones (id, nombre) VALUES (1, 'Sudamérica');
INSERT INTO regiones (id, nombre) VALUES (2, 'Centroamérica');
INSERT INTO regiones (id, nombre) VALUES (3, 'Norteamérica');
INSERT INTO regiones (id, nombre) VALUES (4, 'Europa');
INSERT INTO regiones (id, nombre) VALUES (5, 'África');
INSERT INTO regiones (id, nombre) VALUES (6, 'Asia');
INSERT INTO regiones (id, nombre) VALUES (7, 'Oceanía');
INSERT INTO regiones (id, nombre) VALUES (8, 'Antártida');


INSERT INTO paises (id, nombre) VALUES (1, 'EEUU');
INSERT INTO paises (id, nombre) VALUES (2, 'Canada');
INSERT INTO paises (id, nombre) VALUES (3, 'Mexico');
INSERT INTO paises (id, nombre) VALUES (4, 'Uruguay');
INSERT INTO paises (id, nombre) VALUES (5, 'Argentina');
INSERT INTO paises (id, nombre) VALUES (6, 'Qatar');
INSERT INTO paises (id, nombre) VALUES (7, 'Iceland');


INSERT INTO usuarios (region_id, pais_id, nombre, apellido, email, number, edad, create_at) VALUES (2, 1,'ASJHAS','AKSJHD','HasASG@KDJFH.COM','1231234', 18,'2018-01-01');
INSERT INTO usuarios (region_id, pais_id, nombre, apellido, email, number, edad, create_at) VALUES (3, 2,'ZIZU','SDS','A@KDJFH.COM','642234', 20,'2019-01-01');
INSERT INTO usuarios (region_id, pais_id, nombre, apellido, email, number, edad, create_at) VALUES (1, 3,'OWR','ZXC','ADS@KDJFH.COM','73845643', 30,'2015-01-01');
INSERT INTO usuarios (region_id, pais_id, nombre, apellido, email, number, edad, create_at) VALUES (4, 7,'ZXCX','WQE','DF@KDJFH.COM','17253176', 25,'2016-01-01');
INSERT INTO usuarios (region_id, pais_id, nombre, apellido, email, number, edad, create_at) VALUES (8, 7,'MKO','RTY','XC@KDJFH.COM','98760456', 17,'2012-01-01');
INSERT INTO usuarios (region_id, pais_id, nombre, apellido, email, number, edad, create_at) VALUES (7, 7,'NMBFFS','QQW','WER@KDJFH.COM','2738472', 24,'2018-01-01');
INSERT INTO usuarios (region_id, pais_id, nombre, apellido, email, number, edad, create_at) VALUES (5, 6,'QUTW','ZXC','XCV@KDJFH.COM','237486', 26,'2018-01-01');
INSERT INTO usuarios (region_id, pais_id, nombre, apellido, email, number, edad, create_at) VALUES (3, 5,'WMNWM','ERT','XCVj@KDJFH.COM','38749590', 19,'2021-01-01');
INSERT INTO usuarios (region_id, pais_id, nombre, apellido, email, number, edad, create_at) VALUES (6, 3,'ZOCXIU','ZXC','XCAV@KDJFH.COM','376453', 16,'2022-01-01');
INSERT INTO usuarios (region_id, pais_id, nombre, apellido, email, number, edad, create_at) VALUES (4, 7,'AHSKJ','TYU','HASDASG@KDJFH.COM','273682', 15,'2010-01-01');
INSERT INTO usuarios (region_id, pais_id, nombre, apellido, email, number, edad, create_at) VALUES (2, 6,'MAASD','QW','QEEEW@KDJFH.COM','294862', 14,'2011-01-01');

INSERT INTO usuarios (region_id, pais_id, nombre, apellido, email, number, edad, create_at) VALUES (2, 1,'ASJHAS','AKSJHD','1HasASG@KDJFH.COM','12231234', 18,'2018-01-01');
INSERT INTO usuarios (region_id, pais_id, nombre, apellido, email, number, edad, create_at) VALUES (3, 2,'ZIZU','SDS','1A@KDJFH.COM','6432234', 20,'2019-01-01');
INSERT INTO usuarios (region_id, pais_id, nombre, apellido, email, number, edad, create_at) VALUES (1, 3,'OWR','ZXC','1ADS@KDJFH.COM','7384355643', 30,'2015-01-01');
INSERT INTO usuarios (region_id, pais_id, nombre, apellido, email, number, edad, create_at) VALUES (4, 7,'ZXCX','WQE','1DF@KDJFH.COM','172553176', 25,'2016-01-01');
INSERT INTO usuarios (region_id, pais_id, nombre, apellido, email, number, edad, create_at) VALUES (8, 7,'MKO','RTY','1XC@KDJFH.COM','987603456', 17,'2012-01-01');
INSERT INTO usuarios (region_id, pais_id, nombre, apellido, email, number, edad, create_at) VALUES (7, 7,'NMBFFS','QQW','1WER@KDJFH.COM','27238472', 24,'2018-01-01');
INSERT INTO usuarios (region_id, pais_id, nombre, apellido, email, number, edad, create_at) VALUES (5, 6,'QUTW','ZXC','1XCV@KDJFH.COM','2374286', 26,'2018-01-01');
INSERT INTO usuarios (region_id, pais_id, nombre, apellido, email, number, edad, create_at) VALUES (3, 5,'WMNWM','ERT','1XCVj@KDJFH.COM','384749590', 19,'2021-01-01');
INSERT INTO usuarios (region_id, pais_id, nombre, apellido, email, number, edad, create_at) VALUES (6, 3,'ZOCXIU','ZXC','1XCAV@KDJFH.COM','3766453', 16,'2022-01-01');
INSERT INTO usuarios (region_id, pais_id, nombre, apellido, email, number, edad, create_at) VALUES (4, 7,'AHSKJ','TYU','1HASDASG@KDJFH.COM','2873682', 15,'2010-01-01');
INSERT INTO usuarios (region_id, pais_id, nombre, apellido, email, number, edad, create_at) VALUES (2, 6,'MAASD','QW','1QEEEW@KDJFH.COM','2948862', 14,'2011-01-01');

INSERT INTO usuarios (region_id, pais_id, nombre, apellido, email, number, edad, create_at) VALUES (2, 1,'ASJHAS','AKSJHD','2HasASG@KDJFH.COM','124321234', 18,'2018-01-01');
INSERT INTO usuarios (region_id, pais_id, nombre, apellido, email, number, edad, create_at) VALUES (3, 2,'ZIZU','SDS','2A@KDJFH.COM','622425234', 20,'2019-01-01');
INSERT INTO usuarios (region_id, pais_id, nombre, apellido, email, number, edad, create_at) VALUES (1, 3,'OWR','ZXC','2ADS@KDJFH.COM','7386245643', 30,'2015-01-01');
INSERT INTO usuarios (region_id, pais_id, nombre, apellido, email, number, edad, create_at) VALUES (4, 7,'ZXCX','WQE','2DF@KDJFH.COM','172563176', 25,'2016-01-01');
INSERT INTO usuarios (region_id, pais_id, nombre, apellido, email, number, edad, create_at) VALUES (8, 7,'MKO','RTY','X2C@KDJFH.COM','987606456', 17,'2012-01-01');
INSERT INTO usuarios (region_id, pais_id, nombre, apellido, email, number, edad, create_at) VALUES (7, 7,'NMBFFS','QQW','2WER@KDJFH.COM','27738472', 24,'2018-01-01');
INSERT INTO usuarios (region_id, pais_id, nombre, apellido, email, number, edad, create_at) VALUES (5, 6,'QUTW','ZXC','X22CV@KDJFH.COM','23778486', 26,'2018-01-01');
INSERT INTO usuarios (region_id, pais_id, nombre, apellido, email, number, edad, create_at) VALUES (3, 5,'WMNWM','ERT','X2CVj@KDJFH.COM','387449590', 19,'2021-01-01');
INSERT INTO usuarios (region_id, pais_id, nombre, apellido, email, number, edad, create_at) VALUES (6, 3,'ZOCXIU','ZXC','2XCAV@KDJFH.COM','3736453', 16,'2022-01-01');
INSERT INTO usuarios (region_id, pais_id, nombre, apellido, email, number, edad, create_at) VALUES (4, 7,'AHSKJ','TYU','H2ASDASG@KDJFH.COM','2273682', 15,'2010-01-01');
INSERT INTO usuarios (region_id, pais_id, nombre, apellido, email, number, edad, create_at) VALUES (2, 6,'MAASD','QW','QE2EEW@KDJFH.COM','2948362', 14,'2011-01-01');

INSERT INTO usuarios (region_id, pais_id, nombre, apellido, email, number, edad, create_at) VALUES (2, 1,'ASJHAS','AKSJHD','Ha2sASG@KDJFH.COM','12312734', 18,'2018-01-01');
INSERT INTO usuarios (region_id, pais_id, nombre, apellido, email, number, edad, create_at) VALUES (3, 2,'ZIZU','SDS','A2@KDJFH.COM','6422834', 20,'2019-01-01');
INSERT INTO usuarios (region_id, pais_id, nombre, apellido, email, number, edad, create_at) VALUES (1, 3,'OWR','ZXC','AD2S@KDJFH.COM','7389045643', 30,'2015-01-01');
INSERT INTO usuarios (region_id, pais_id, nombre, apellido, email, number, edad, create_at) VALUES (4, 7,'ZXCX','WQE','D2F@KDJFH.COM','172531760', 25,'2016-01-01');
INSERT INTO usuarios (region_id, pais_id, nombre, apellido, email, number, edad, create_at) VALUES (8, 7,'MKO','RTY','X2C@KDJFH.COM','987600456', 17,'2012-01-01');
INSERT INTO usuarios (region_id, pais_id, nombre, apellido, email, number, edad, create_at) VALUES (7, 7,'NMBFFS','QQW','W2ER@KDJFH.COM','27038472', 24,'2018-01-01');
INSERT INTO usuarios (region_id, pais_id, nombre, apellido, email, number, edad, create_at) VALUES (5, 6,'QUTW','ZXC','XC2V@KDJFH.COM','2374086', 26,'2018-01-01');
INSERT INTO usuarios (region_id, pais_id, nombre, apellido, email, number, edad, create_at) VALUES (3, 5,'WMNWM','ERT','X2CVj@KDJFH.COM','380749590', 19,'2021-01-01');
INSERT INTO usuarios (region_id, pais_id, nombre, apellido, email, number, edad, create_at) VALUES (6, 3,'ZOCXIU','ZXC','X2CAV@KDJFH.COM','3076453', 16,'2022-01-01');
INSERT INTO usuarios (region_id, pais_id, nombre, apellido, email, number, edad, create_at) VALUES (4, 7,'AHSKJ','TYU','HA2SDASG@KDJFH.COM','2703682', 15,'2010-01-01');
INSERT INTO usuarios (region_id, pais_id, nombre, apellido, email, number, edad, create_at) VALUES (2, 6,'MAASD','QW','QEE2EW@KDJFH.COM','2904862', 14,'2011-01-01');